{
    "manifest": {
        "displayName": "Luxo Commands",
        "invocationName": "Luxo Commands",
        "category": "PRODUCTIVITY"
    },
    "actions": [
        {
            "name": "luxo.command.LookAtMe",
            "availability": {
                "deviceClasses": [
                    {
                        "assistantSdkDevice": {}
                    }
                ]
            },
            "intent": {
                "name": "luxo.command.LookAtMe",
                "trigger": {
                    "queryPatterns": [
                        "look at me"
                    ]
                }
            },
            "fulfillment": {
                "staticFulfillment": {
                    "templatedResponse": {
                        "items": [
                            {
                                "simpleResponse": {
                                    "textToSpeech": "Looking at you"
                                }
                            },
                            {
                                "deviceExecution": {
                                    "command": "luxo.command.LookAtMe"
                                }
                            }
                        ]
                    }
                }
            }
        },
        {
            "name": "luxo.command.LookAtDesk",
            "availability": {
                "deviceClasses": [
                    {
                        "assistantSdkDevice": {}
                    }
                ]
            },
            "intent": {
                "name": "luxo.command.LookAtDesk",
                "trigger": {
                    "queryPatterns": [
                        "look at my desk",
			"look for my paper"
                    ]
                }
            },
            "fulfillment": {
                "staticFulfillment": {
                    "templatedResponse": {
                        "items": [
                            {
                                "simpleResponse": {
                                    "textToSpeech": "Looking for it"
                                }
                            },
                            {
                                "deviceExecution": {
                                    "command": "luxo.command.LookAtDesk"
                                }
                            }
                        ]
                    }
                }
            }
        }
    ]
} 
